Titles for 2017 from The New York Times,
1.        ,    An Elusive Immigration Compromise
2.        ,    Warning of Corruption in the Immigration System
3.        ,    Rethinking Our Immigration System
4.        ,    Job One at Homeland Security Under Trump: Immigration
5.        ,    White House Issues Immigration Cues
6.        ,    Court Curbs Immigration Detainers
7.        ,    Immigration: Moral and Economic Views
8.        ,    A Senseless Immigration Proposal
9.        ,    Rethinking Our Immigration System Letters
10.       ,  Immigration: Moral and Economic Perspectives Letters
11.       ,  Blocking a Bad Immigration Law
12.       ,  An Elusive Immigration Compromise Op-Ed Columnist
13.       ,"  Claims of Corrupt Immigration Contractors Go Unexamined, Investigators Say"
14.       ,  Labour can win immigration debate
15.       ,  Trump’s Immigration Policies Explained
16.       ,  Trump Seeks to Limit Legal Immigration
17.       ,  The Immigration Debate We Need
18.       ,  Ignorant Immigration Reform Op-Ed Contributor
19.       ,  Democrats on Tightrope In Immigration Debate
20.       ,  When Immigration Comes Home
21.       ,  Trump Seeks to Limit Legal Immigration Letters
22.       ,  Free Rein for Immigration Agents
23.       ,  Trump Embraces a Senseless Immigration Proposal Editorial
24.       ,"  Hard-Liners on Immigration, Now in High Places"
25.       ,"  In Reversal, Immigration Agency Will Consider Delayed DACA Requests"
26.       ,"  In Reversal, Immigration Agency Will Consider Delayed DACA Requests"
27.       ,  Terror Suspects Become Ammunition in War Over Immigration
28.       ,  How Immigration Helps Canada
29.       ,  An Immigration Program Criticized by Both Parties
30.       ,  White House Considers Tougher Rules as Part of Immigration Overhaul
31.       ,  Immigration Proposals 'Conspicuously Absent' From Budget Bill
32.       ,"  In Reversal, Immigration Agency Will Consider Delayed DACA Requests"
33.       ,  Blocking a Bad Immigration Law in Texas Editorial
34.       ,  Tech Industry Frets Over Possible Immigration Changes
35.       ,"  Immigration Agents Should Not ‘Stalk’ Courts, California Justice Says"
36.       ,"  Out of Chaos, Trump Reshapes Immigration"
37.       ,  Argentina 's Immigration Crackdown Rattles Region
38.       ,  Texas Immigration Bill Draws Protesters
39.       ,"  Canada's Immigration Door, and Ours"
40.       ,  'Merit-Based' Rules Could Reshape Immigration
41.       ,  Immigration as a security threat
42.       ,  Immigration Agents Arrest Hundreds in Sweep of Sanctuary Cities
43.       ,  Caught Anew In the Struggle Over Immigration
44.       ,  Immigration Agents Arrest Hundreds in Sweep of Sanctuary Cities
45.       ,  De Blasio Defends New York Policies on Immigration
46.       ,  Trump Supports Plan to Cut Legal Immigration by Half
47.       ,  Trump Administration Halts Reports on Immigration Cooperation
48.       ,  The Terms of Immigration Reporting
49.       ,  Canadian Immigration Is More Complex Than It Looks
50.       ,"  In Trump Era, States Are Shifting Focus to Immigration Laws"
51.       ,  The Democrats’ Immigration Problem Contributing Op-Ed Writer
52.       ,  Major Elements of Trump's New Immigration Policies
53.       ,"  Man Sets Himself on Fire in Sydney, Protesting Immigration Policy"
54.       ,  Disorder and the Immigration Order
55.       ,  Immigration’s Sudden Re-Emergence Scrambles Republican Agenda
56.       ,  Trump’s Immigration Proposals ‘Conspicuously Absent’ From Spending Bill
57.       ,  The Immigration Debate We Need Op-Ed Contributor
58.       ,  How Immigration Foiled Hillary Contributing Op-Ed Writer
59.       ,"  Long Island Police Are Working Illegally With Immigration Agents, Suit Says"
60.       ,  Educators Prepare for Immigration Agents at the Schoolhouse
61.       ,"  Man Sets Himself on Fire in Sydney, Protesting Immigration Policy"
62.       ,  Protesters Vow Defiance After Miami Heeds Immigration Order
63.       ,"  Canada, Immigration and the U.S. Letters"
64.       ,"  With Ally in Oval Office, Immigration Hard-Liners Ascend to Power"
65.       ,  The Fallout From the Immigration Ban
66.       ,  New Chief Is Named for Immigration Enforcement
67.       ,  How to End the Immigration Wars
68.       ,"  Once Routine, Immigration Check-Ins Are Now High Stakes"
69.       ,"  Under Trump, Wall of Red Tape Hinders Legal Immigration"
70.       ,  How to Make America Greater: Allow More Immigration
71.       ,  How Trump’s ‘Merit-Based’ Immigration System Might Work
72.       ,  Can Immigration Hurt the Economy? An Old Prejudice Returns Economic Scene
73.       ,  Disorder and the Immigration Order Letters
74.       ,"  House Passes 2 Strict Immigration Bills, at Trump’s Urging"
75.       ,  Transgender Women Fear Abuse in Immigration Detention
76.       ,  The Trap of Immigration Porn
77.       ,  Sessions Presses Immigration Agenda in a Sanctuary City
78.       ,  U.S. Citizen Detained by Mistake Sues Miami-Dade Over Immigration Enforcement
79.       ,  The Fallout From the Immigration Ban Letters
80.       ,"  House Passes 2 Strict Immigration Bills, at President's Urging"
81.       ,  Immigration Agents Arrest 600 People Across U.S. in One Week
82.       ,  Trump Looks to Australia in Overhauling Immigration System The Breakdown
83.       ,  Trump's Immigration Order Expands the Definition of 'Criminal'
84.       ,  In the Wake of Immigration Arrests
85.       ,  School Officials Brace for Potential Visits From Immigration Agents
86.       ,  Choice of Pro-Immigration Economic Adviser Riles Trump’s Base
87.       ,  Father of Maryland Teenager Accused of Rape Is Arrested on Immigration Charge
88.       ,  Argentina ’s Trump-Like Immigration Order Rattles South America
89.       ,  How to Make America Greater: More Immigration Economic Scene
90.       ,  Deportation Arrest Highlights Tensions in Los Angeles on Immigration
91.       ,  Trump's Immigration Order Expands the Definition of 'Criminal'
92.       ,"  Sweden , Nation of Open Arms, Rethinks Immigration"
93.       ,  The Costs of Immigration and Diversity
94.       ,  Spicer Says Maryland Rape Case Shows Need for Illegal Immigration Crackdown
95.       ,  How Brexit Britain Can Reset the Immigration Debate Op-Ed Contributor
96.       ,  Trump Rolls Out His Crackdown on Immigration
97.       ,  Reader Idea | Building Community Through Shared Immigration Stories
98.       ,"  After White House Issues Demands, Hopes for an Immigration Deal Dim"
99.       ,  Texas Immigration Bill Draws Protesters to the State Capitol
100.     ,I Accidentally Turned My Dad In to Immigration Services On Campus
101.     ,Motel 6 Workers Tipped Off Immigration Agency About Guests
102.     ,States Have Already Passed Almost Twice as Many Immigration Laws as Last Year
103.     ,Daily Report: Tech's Continuing Immigration Debate
104.     ,Jaguars ' Owner Opposes Immigration Ban
105.     ,"Illegal, Undocumented, Unauthorized: The Terms of Immigration Reporting"
106.     ,Trump Names Thomas Homan as Acting Immigration Enforcement Chief
107.     ,Sheriffs' Bind on Immigration: Cross Trump or the U.S. Courts
108.     ,"Times Sq. Bomb, and Calls to Limit Immigration"
109.     ,Immigration Arrests Rise Sharply as a Trump Mandate Is Carried Out
110.     ,Traveling in the Wake of Immigration Arrests
111.     ,Analyzing Trump’s Immigration Ban: A Lesson Plan
112.     ,Trump Administration Touts Border Arrests as Proof of Crackdown on Illegal Immigration
113.     ,Immigration as a Security Threat Contributing Op-Ed Writer
114.     ,"Even Before Trump Acts on Immigration, New Yorkers Protest"
115.     ,"Sessions Presses Immigration Agenda in Philadelphia, a Sanctuary City"
116.     ,Immigration Officials Taking New Steps to Discourage Smuggling of Children
117.     ,"Even Before Trump Acts on Immigration, New Yorkers Protest"
118.     ,Arrest for Deportation Highlights Tensions in Los Angeles on Immigration
119.     ,The Immigration Facts Donald Trump Doesn’t Like Editorial
120.     ,White House Pressed Unsuccessfully to End Immigration Program
121.     ,Immigration Arrests Stun Iraqis Who Fled Over Christian Faith
122.     ,Handcuffs at Dawn: Riding Along on an Immigration Sweep
123.     ,No Sanctuary for the Immigration Lawyer
124.     ,Trump Administration Targets Parents in New Immigration Crackdown
125.     ,Immigration Arrests Rise Sharply as Agents Carry Out a Trump Mandate
126.     ,"In Denmark , Passage of Rules on Immigration Called for Cake"
127.     ,"Canada’s Immigration System, Lauded by Trump, Is More Complex Than Advertised"
128.     ,Trump to Revive Push on Immigration Crackdown on Long Island Trip
129.     ,Guadagno Takes Right Turn on Immigration in Waning Days of Campaign
130.     ,Here to Help; Three Books to Help You Understand the Immigration Debate
131.     ,Trump's Immigration Ban Is Illegal Op-Ed Contributor
132.     ,"Report on Local Immigration Cooperation, Criticized as Inaccurate, Is Suspended"
133.     ,Daily Report: Tech’s Continuing Immigration Debate Bits
134.     ,"In Denmark , Passage of Rules on Immigration Called for Cake"
135.     ,"Without New Laws or Walls, Trump Presses the Brake on Legal Immigration"
136.     ,Canada’s Ruthlessly Smart Immigration Policy Op-Ed Contributor
137.     ,Transgender Women Fear Mistreatment and Abuse in Immigration Detention
138.     ,Eric Cantor: How to End the Immigration Wars Opinion
139.     ,"As Travel Ban Takes Effect, 3 Books That Delve Into the Immigration Debate Newsbook"
140.     ,President's Idea of Compromise Shows Congress Hasn't Gotten Far on Immigration
141.     ,Angry Mayors Vow to Defy Trump Immigration Order
142.     ,"In Little Guyana , Proposed Cuts to Family Immigration Weigh Heavily"
143.     ,"Sweden , Nation of Open Arms, Debates Implications of Immigration"
144.     ,The Immigration Policies of Dwarf Mongooses
145.     ,A Tweet Stirs Up Canada's Immigration Debate
146.     ,Tech Companies Fight Trump Immigration Order in Court
147.     ,Trump Administration Considers Separating Families to Combat Illegal Immigration
148.     ,"In One Week, Agents Arrest 600 People Across the U.S. in Immigration Raids"
149.     ,"Stoking Fears, Trump Defied Bureaucracy to Advance Immigration Agenda Trump’s Way"
150.     ,She Met Yearly With Immigration Agents. Now They've Deported Her.
151.     ,Motel 6 Employees in Arizona Tipped Off Immigration Officers About Guests
152.     ,Guadagno Takes Right Turn on Immigration in Waning Days of Campaign
153.     ,'A Broader View' vs. 'An Invasion': Dutch Voters Speak Out on Immigration
154.     ,New ‘Hamilton Mixtape’ Music Video Takes Aim at Immigration
155.     ,‘A Broader View’ vs. ‘An Invasion’: Dutch Voters Speak Out on Immigration
156.     ,"In Pick of Pro-Immigration Economic Adviser, the President's Base Senses Betrayal"
157.     ,Trump Administration Targets Parents in New Immigration Crackdown
158.     ,The DACA ‘Fix’ That Immigration Activists Fear Notebook
159.     ,A Tweet Stirs Up Canada’s Immigration Debate
160.     ,"After the Times Square Bomb, Calls to Limit Immigration Letters"
161.     ,Why Trump Supporters Distrust Immigration and Diversity Op-Ed Contributor
162.     ,Teaching Activities for: ‘Immigration Officials Taking New Steps to Discourage Smuggling of Children’ Article of the Day
163.     ,Yiddish Theater Plans an Immigration Arts Summit
164.     ,Trump Immigration Crackdown Is Great for Private Prison Stocks Strategies
165.     ,"Support Softening, Le Pen Raises Volume on Curbing Immigration"
166.     ,Guest List Highlights Illegal Immigration as a Security Issue
167.     ,"Meeting a Town’s Beloved Resident, Months After Telling His Immigration Story The Daily"
168.     ,"As Trump Tightens Legal Immigration, Canada Woos Tech Firms"
169.     ,"A Reporter Returns to Southern Illinois to Talk About Life, Immigration, Coal The Times in Person"
170.     ,She Showed Up Yearly to Meet Immigration Agents. Now They’ve Deported Her.
171.     ,No Sanctuary for the Immigration Lawyer Editorial Observer
172.     ,"Peter Kwong, Authority on Chinese Immigration, Dies at 75"
173.     ,Speaking Truth to Trump on Immigration Op-Ed Columnist
174.     ,"In Nighttime Tweet, Trump Offers Mixed Message on Immigration News Analysis"
175.     ,Immigration Inquiry Draws Protest at Tom Cat Bakery
176.     ,'Sanctuary City' Mayors Vow to Defy Trump's Immigration Order
177.     ,Rape Charges to Be Dropped in Case Cited by White House as Immigration Issue
178.     ,Police Fear Trump Immigration Orders May Handcuff Effort to Fight Gangs
179.     ,Avoiding the Trap of Immigration Porn Contributing Op-Ed Writer
180.     ,Immigration Policies Pose Conflict for Police in 'Sanctuary Cities'
181.     ,Trump's Immigration Ban Draws Deep Anger and Muted Praise
182.     ,"President Trump's Immigration Order, Annotated"
183.     ,"For Grieving Parents, Trump Is ‘Speaking for the Dead’ on Immigration"
184.     ,Constraints Threaten Trump’s Promise of an Immigration Crackdown
185.     ,"Trump Pardons Joe Arpaio, Who Became Face of Crackdown on Illegal Immigration"
186.     ,Why Trump’s Softening on Immigration Is Unlikely to Splinter His Base Deals With Democrats
187.     ,Trump’s Soft Spot for Dreamers Alienates Immigration Hard-Liners
188.     ,Jaguars Owner Shahid Khan Opposes Trump’s Immigration Ban
189.     ,Trump Immigration Policies Pose Conflict for Police in ‘Sanctuary Cities’
190.     ,She Showed Up Yearly to Meet Immigration Agents. Now They're Deporting Her.
191.     ,Citizenship Applications in the U.S. Surge as Immigration Talk Toughens
192.     ,Trump’s Executive Order on Immigration: What We Know and What We Don’t
193.     ,Trump Win Probably Didn't Cause Canadian Immigration Website's Crash
194.     ,Sessions Vows to Wipe Out MS-13 Gang Through Tough Immigration Policy
195.     ,Law Enforcement Agencies Bristle at U.S. Report on Immigration Detention
196.     ,"With His Guests, Trump to Highlight Illegal Immigration as a Security Issue"
197.     ,"President Trump's Immigration Order, Annotated"
198.     ,Brand New Colossus: A Statue of Liberty Revival Amid Immigration Woes
199.     ,Trump Win Probably Didn’t Cause Canadian Immigration Website’s Crash
200.     ,Immigration Order Complicates U.S. Companies' Plans in Middle East
201.     ,Executives' Response to Immigration Order Runs Gamut From Caution to Fury
202.     ,Constraints Threaten Trump's Promise of an Immigration Crackdown
203.     ,"Demonstrators in Streets, and at Airports, Protest Immigration Order"
204.     ,"Morning Agenda: Trump’s Immigration Order, (Modest) Diversity Gains"
205.     ,"The President Has Much Power Over Immigration, but How Much?"
206.     ,Morning Agenda: Immigration Chaos Spurs Business to the Barricades
207.     ,"On Immigration, Mr. Trump Shows Congress It’s on Its Own Editorial"
208.     ,Immigration Inquiry at Queens Bakery Leads to 'A Day Without Bread'
209.     ,Trump’s Immigration Order Tests Limits of Law and Executive Power The Interpreter
210.     ,Immigration Order Complicates U.S. Businesses’ Plans in the Middle East
211.     ,1892: China Complaint On U.S. Immigration Bill IHT Retrospective
212.     ,Trump Supporters Applaud Immigration Order as a 'Welcome Change'
213.     ,Immigration Agents Discover New Freedom to Deport Under Trump
214.     ,Trump Supporters Applaud Immigration Order as a ‘Welcome Change’
215.     ,"In Canada, an Immigration Minister Who Himself Is a Refugee"
216.     ,Trump's Soft Spot for the Dreamers Alienates Immigration Hard-Liners in His Base
217.     ,Australia's Immigration Chief Defends Cutting Support for Some Asylum Seekers
218.     ,"Review: ‘Nobody’s Watching,’ an Actor’s Immigration and Alienation"
219.     ,"Trump’s Immigration Orders May Be Affecting Canada, U.S. Official Admits"
220.     ,Australia’s Immigration Chief Defends Cutting Support for Some Asylum Seekers
221.     ,"Immigration, 1700s-Style"
222.     ,Austria 's Rightward Lurch Reflects Europe's New Anti-Immigration Leanings
223.     ,Japan Limited Immigration; Now It’s Short of Workers
224.     ,How Trump's Rush to Enact an Immigration Ban Unleashed Global Chaos
225.     ,"The President Has Much Power Over Immigration, but How Much? News Analysis"
226.     ,Amazon and Expedia Join Lawsuit Against Immigration Order as Tech's Resistance Grows
227.     ,Immigration Moves Front and Center in Italy ’s Local Elections
228.     ,Immigrating to Trump’s America? Philosophers Need Not Apply The Stone
229.     ,Immigration Experts Question Tale of Australian Man's U.S. Border Detention
230.     ,Immigration Moves Front and Center in Italy 's Local Elections
231.     ,"Immigration Officers Won’t Get Guest Lists Anymore, Motel 6 Says"
232.     ,Missing in Action on Immigration
233.     ,Immigration Experts Question Tale of Australian Man’s U.S. Border Detention
234.     ,"Morning Agenda: Trump's Immigration Order, (Modest) Diversity Gains"
235.     ,Australia's Immigration Rights Letter
236.     ,How the New Immigration Is Shaking Old Europe to Its Core Nonfiction
237.     ,Trump's Executive Order on Immigration: What We Know and What We Don't
238.     ,Morning Agenda: Immigration Chaos Spurs Business to the Barricades
239.     ,"Immigration, Milo Yiannopoulos: Your Tuesday Evening Briefing"
240.     ,‘Don’t Open the Door’: How Fear of an Immigration Raid Gripped a City
241.     ,U.S. Appetite for Mexico ’s Drugs Fuels Illegal Immigration
242.     ,"In Super Bowl Ad, Airbnb Voices Its Opposition, Subtly, to Immigration Ban"
243.     ,Irish Premier Uses St. Patrick's Day Ritual to Lecture Trump on Immigration
244.     ,Defiant Trump Vows to Take Immigration Case to Supreme Court
245.     ,"Obama, Out of Office 10 Days, Speaks Out Against Immigration Ban"
246.     ,"Amid Immigration Furor, Apple ’s Chief Focuses on Apps and Music"
247.     ,Why Silicon Valley Booed Trump's Immigration Ban
248.     ,Rulings on Trump's Immigration Order Are First Step on a Long Legal Path
249.     ,‘The Far Away Brothers’ Breathes Vivid Life Into Immigration Issues Books of The Times
250.     ,Immigration Chief Knows Personally 'Very Hard' Path of Refugees
251.     ,Immigration Centers: The Next Abu Ghraib?
252.     ,"Kim Jong-nam, Illegal Immigration, Mexico : Your Evening Briefing"
253.     ,Demonstrators in Streets and at Airports Protest Trump Order on Immigration
254.     ,Irish Premier Uses St. Patrick’s Day Ritual to Lecture Trump on Immigration
255.     ,"Q. and A.: Xavier Becerra on Immigration, ‘Calexit’ and More"
256.     ,"One Ohio Town’s Immigration Clash, Down in the Actual Muck"
257.     ,"Movers: Emirates Hit by Trump Immigration Policy, Macy’s and Snap Slide"
258.     ,"Movers: Emirates Hit by Trump Immigration Policy, Macy's and Snap Slide"
259.     ,Morning Agenda: The Next Big Battle for Business Is Immigration
260.     ,Trump Will Order Wall and Curtail Immigration
261.     ,Trump Hotels’ Tweet Draws Backlash After Immigration Order
262.     ,"Trump's Immigration Order Jolts Iraqis, U.S. 's Top Allies Against ISIS"
263.     ,Are U.S. Immigration Centers the Next Abu Ghraib? Op-Ed Contributor
264.     ,6 Highlights From the Ruling on Trump’s Immigration Order
265.     ,Secretary Kelly Is Missing in Action on Immigration Editorial
266.     ,"Immigration Ban Is Unlikely to Reduce Terrorist Threat, Experts Say News Analysis"
267.     ,"U.S. Immigration Policy May Alienate Iraqis, Crucial Allies Against ISIS"
268.     ,Trump to Order Mexican Border Wall and Curtail Immigration
269.     ,Expedia Supports Lawsuit Against Trump’s Immigration Ban Update
270.     ,Morning Agenda: The Next Big Battle for Business is Immigration
271.     ,Text: President Trump’s Executive Order on Immigration
272.     ,"Health Care, Immigration Ban, North Korea : Your Tuesday Briefing"
273.     ,"Immigration Ban, Betsy DeVos, Tom Brady: Your Tuesday Briefing"
274.     ,Text: President Trump's Executive Order on Immigration
275.     ,Immigration Ban Prompts Fee Waivers and Refunds From Airlines
276.     ,Immigration Ban Blocks Children Most in Need
277.     ,Australia ‘Votes’ on a 26-Year-Old’s Travel Plans. Also: A Friendship Without (Immigration) Benefits. The Breakdown
278.     ,N.F.L. Players Association Opposes Trump’s Immigration Order
279.     ,Trump Hotels' Tweet Draws Backlash After Immigration Order
280.     ,Trump's Immigration Order Could Have a Big Impact on Sports
281.     ,Sports Fear Impact of Trump's Immigration Order
282.     ,Single-Minded at Homeland Security
283.     ,Trump’s Immigration Ban Blocks Children Most in Need of Aid
284.     ,Trump's Talk on Muslims Led Acting Attorney General to Defy Immigration Order
285.     ,"Asylum Cases Are Piling Up, And Canada Feels Strain"
286.     ,U.N. Leader Says Immigration Limits 'Violate Our Basic Principles'
287.     ,States Band Together to Fight Rewritten Immigration Order
288.     ,"Canada Welcomed Refugees, but Now Struggles With Backlog"
289.     ,California Today: Airports a Flashpoint in Immigration Protests California Today
290.     ,Supreme Court Roundup: Justices Rule on Excessive Force and in Immigration Case
291.     ,"Thousands of Federal Inmates Are in the U.S. Illegally, Administration Says"
292.     ,Number of DACA Applications Stuck in the Mail Tops 900
293.     ,California Resolute in Sanctuary Status as a Heated Case Ends
294.     ,Sessions Once Again Threatens Sanctuary Cities
295.     ,"New Jersey Bond Businesses Eye New Growth, From Immigrants"
296.     ,London’s Uber Ban Raises Questions on Race and Immigration
297.     ,"Thousands of Federal Inmates Are in the U.S. Illegally, Administration Says"
298.     ,Delayed DACA Requests Grow to More Than 900
299.     ,"New Jersey Bond Businesses Eye New Growth, From Immigrants"
300.     ,"Fewer Immigrants Mean More Jobs? Not So, Economists Say"
301.     ,"Police on Long Island Are Working Illegally With ICE, Suit Says"
302.     ,"With Fewer Immigrants, More Jobs? Not So, Economists Say"
303.     ,Sessions Threatens Sanctuary Cities
304.     ,California Sues Justice Dept. Over Funding for Sanctuary Cities
305.     ,Agents Told to Not 'Stalk' Courthouses
306.     ,California Sues Justice Dept. Over Funding for Sanctuary Cities
307.     ,First Came Giuliani's Input on the Immigration Order. Now There's the Court Test.
308.     ,Immigrants Sap Productivity: An Ugly Trope Returns
309.     ,A Policy As Good For Farms As Locusts
310.     ,Father of Maryland Teenager Charged With Rape Is Arrested
311.     ,Expelling Immigrant Workers May Also Send Away the Work They Do Economic Scene
312.     ,Terror Attacks Put Focus on Visa Programs
313.     ,"City Hall Stirs ICE Fears First, Gets Facts Later"
314.     ,"Court Officers Can’t Hold People Solely Under ICE Detainers, Massachusetts Justices Rule"
315.     ,President Backs A Plan to Curtail Legal Migration
316.     ,The Dark History of Defining ‘Family’ Op-Ed Contributor
317.     ,Illegal Border Crossings Appear to Drop Under Trump
318.     ,Trump Falsely Blames Loretta Lynch in Son’s Meeting With Russian Lawyer Fact Check
319.     ,Trump Falsely Blames Loretta Lynch in Son's Meeting With Russian Lawyer
320.     ,The Dark History of Defining 'Family'
321.     ,President Issues Terms of a Deal Over 'Dreamers'
322.     ,California Resolute in Sanctuary Status as a Heated Case Ends
323.     ,"Paid Notice: Deaths MUKAMAL, HON. STEVEN S."
324.     ,U.S. Says Fall in Arrests Shows Border Crackdown Is Working
325.     ,"An Uneasy Time for Immigrants, And Then the Rain Began to Fall"
326.     ,It Was an Uneasy Time for Immigrants in Texas . Then the Rains Came.
327.     ,"On ‘Dreamers’ Deal, Democrats Face a Surprising Foe: The Dreamers"
328.     ,Justice Dept. Reverses Policy That Sped Up Deportations
329.     ,Texas Governor Signs a Ban on Sanctuary Cities
330.     ,"In ‘Home Fire,’ Lives Touched by Immigration, Jihad and Family Love Books of The Times"
331.     ,Agents' School Visit Sets Off a Misdirected Firestorm
332.     ,Deadline for Bronx Man Facing Deportation
333.     ,White House Makes Hard-Line Demands for Any ‘Dreamers’ Deal
334.     ,"A Sheriff’s Bind: Cross the White House, or the Courts"
335.     ,Federal Judge Temporarily Blocks Texas From Enforcing a Ban on Sanctuary Cities
336.     ,State Department Tightens Rules for Visas to U.S.
337.     ,Spicer Says Rape Case Against Undocumented Student Shows Need for Crackdown
338.     ,Illegal Efforts to Enter U.S. Appear to Fall in Southwest
339.     ,California Moves to Add Protections for Immigrants; Other States Follow
340.     ,ICE’s Courthouse Arrests Undercut Democracy Op-Ed Contributor
341.     ,Obama Policy Accelerating Deportations Is Reversed
342.     ,Where the Immigration Ban Hits Home
343.     ,Federal Judge Blocks Texas ’ Ban on ‘Sanctuary Cities’
344.     ,"Trump Chooses Sessions, Longtime Foe of DACA, to Announce Its Demise"
345.     ,Texas Governor Bans Sanctuary Cities
346.     ,Fitting Messenger for News the President Was Uncomfortable Delivering
347.     ,"Border Wall Prototypes Unveiled, but Obstacles Remain for Trump's Plan"
348.     ,Governor Pardons Immigrants
349.     ,Keep ICE Arrests Out of Courts
350.     ,Man Faces Deportation After Failing to Pay Fare on Minneapolis Light Rail
351.     ,Law and Order Catches Up With Sheriff Joe Arpaio Editorial
352.     ,Tech Industry Frets Over Visa Program
353.     ,The Law Catches Up With Sheriff Joe
354.     ,"For Bronx Man Facing Deportation, a Grace Period Nears Its End"
355.     ,Putting Children at Risk When a Parent Is Detained
356.     ,"In Rebuke to Trump, Cuomo Pardons 18 Immigrants"
357.     ,"In Rebuke to Trump, Cuomo Pardons 18 Immigrants"
358.     ,"Despite 'Sanctuary City' Policy, Mayor Says New York Complies With U.S. Law"
359.     ,New Rules to Tighten Entry by Visa Would Hit Some Countries Harder
360.     ,"Detained Immigrant Children Are Entitled to Hearings, Court Rules"
361.     ,"7 Years After Arrest and Outcry, Young Woman Again Faces Deportation"
362.     ,"The Word May Be Toxic, but Amnesty Is Everywhere Quality of Mercy"
363.     ,Trump Seesaws on Legal Status for Undocumented Immigrants
364.     ,A Woman Long at Risk of Deportation Gains a Reprieve
365.     ,"As DACA Negotiations Drag On, a Judge in Brooklyn Could Intervene"
366.     ,U.S. Officials Chastise Judge Who Complained of Agents ‘Stalking’
367.     ,The Danger From Low-Skilled Immigrants: Not Having Them Economic Scene
368.     ,Sessions Scolds Chicago for Suing Over ‘Sanctuary Cities’ Threat
369.     ,Cities in New York Advised How to Buck a Trump Deportation Push
370.     ,"Mail Is Late, and DACA Renewals Are Denied"
371.     ,Prosecutors’ Dilemma: Will Conviction Lead to ‘Life Sentence of Deportation’?
372.     ,Why Common Critiques of DACA Are Misleading
373.     ,Torture Victim Seeking Asylum in U.S. Will Not Be Deported
374.     ,First Came Giuliani’s Input on the Immigration Order. Now There’s the Court Test. About New York
375.     ,10-Year-Old Immigrant Is Detained After Agents Stop Her on Way to Surgery
376.     ,Why Common Critiques of DACA Are Misleading Fact Check
377.     ,"Post Office Fails to Deliver on Time, and DACA Applications Get Rejected"
378.     ,Trump Seesaws on Providing Legal Status for Undocumented Immigrants
379.     ,Eclipsing Dreams of Better Lives Contributing Op-Ed Writer
380.     ,"Border Wall Prototypes Are Unveiled, but Trump’s Vision Still Faces Obstacles"
381.     ,Trump Proposal Would Deport More Immigrants Immediately
382.     ,Deal With Prosecutor to Avoid A 'Life Sentence of Deportation'
383.     ,"The Word May Be Toxic, but Amnesty Is Everywhere"
384.     ,680 Immigrants Arrested in One Week Is Not That Unusual in the U.S.
385.     ,"After Nearby Raids, A Quieter Backstretch At the Saratoga Track"
386.     ,"Far from Winner's Circle, Saratoga Track Workers Fear Deportation"
387.     ,Local Officials Tackle How to Govern in a Divided America
388.     ,10-Year-Old Immigrant Is Detained After Agents Stop Her on Way to Surgery
389.     ,Judge Blocks Trump Effort to Withhold Money From Sanctuary Cities
390.     ,"Far from Winner’s Circle, Saratoga Track Workers Fear Deportation"
391.     ,Trump Tweets ‘Build the Wall’ After Immigrant Is Acquitted in Kathryn Steinle Case
392.     ,Diversity Visa Lottery: Inside the Program That Admitted a Terror Suspect
393.     ,Sessions Narrows Order Against Sanctuary Cities
394.     ,"Britain Is Becoming More Fenced Off, Vindictive and Callous Op-Ed Contributor"
395.     ,"Britain , fenced off and callous"
396.     ,Right and Left React to a Prospective DACA Deal Between Trump and the Democrats
397.     ,Schneiderman to Advise 'Sanctuary Cities' How to Resist a Trump Deportation Push
398.     ,A Woman Long at Risk of Deportation Gains a Reprieve
399.     ,"Candidate's Call to Save 'Canadian Values'? Un-Canadian, Critics Say"
400.     ,Word + Quiz: contumacious Word of the Day
401.     ,Sessions Narrows Trump’s Order Against Sanctuary Cities
402.     ,"On the Right, Anger and Bewilderment"
403.     ,Right and Left React to a Prospective DACA Deal Between Trump and the Democrats
404.     ,"No Longer in an Immigrant Haven, but Vowing Defiance"
405.     ,Mayor Says Indiana Man’s Deportation ‘Feels Like a Defeat for Our Community’
406.     ,Migrant Check-Ins Were Routine. Now They Can Upend Lives.
407.     ,Brooklyn Moves to Protect Immigrants From Deportation Over Petty Crimes
408.     ,Deceit and Confusion In Talk on Law and Order
409.     ,Sessions Rebukes Chicago in Dispute Over Sanctuary Cities
410.     ,"Trump Can't Withhold Funding To Sanctuary Cities, Judge Rules"
411.     ,Sessions Lauds Miami and Rebukes Chicago in Escalating Fight With Sanctuary Cities
412.     ,"39 Members of MS-13 Are Arrested, Authorities Say"
413.     ,"Migrant, 10, Is Released, And Rejoins Her Family"
414.     ,"Candidate’s Call to Save ‘Canadian Values’? Un-Canadian, Critics Say"
415.     ,New Trump Deportation Rules Allow Far More Expulsions
416.     ,Migrants Confront Judgment Day Over Old Deportation Orders
417.     ,Prosecutors in Brooklyn Aim to Limit Deportations
418.     ,Who Will Watch the Agents Watching Our Borders? Contributing Op-Ed Writer
419.     ,Why U.S. Should Fear Less Labor By Migrants
420.     ,Local Officials Tackle How to Govern in a Divided America
421.     ,Canada’s Secret to Resisting the West’s Populist Wave The Interpreter
422.     ,San Francisco Sues Trump Over ‘Sanctuary Cities’ Order
423.     ,Migrants Confront Judgment Day Over Old Deportation Orders
424.     ,Order Expands the Authority to Deport
425.     ,"Activists Say, Beat Trump Or Shut Government Down"
426.     ,New Proposal Would Deport More Immigrants Immediately
427.     ,Immigrant Protected Under Obama Program Now Fights His Arrest
428.     ,More Immigrants Face Deportation Under New Rules
429.     ,A Young Immigrant Spoke Out About Her Deportation Fears. Then She Was Detained.
430.     ,Immigrants Aren't Just Economic Assets
431.     ,Immigrants Shouldn’t Have to Be ‘Talented’ to Be Welcome Contributing Op-Ed Writer
432.     ,"In Case Invoked by Trump, Mexican Man Is Acquitted in Killing"
433.     ,Canada Shows How to Thwart A Populist Tide
434.     ,The End of DACA: What We Know and Don't Know
435.     ,Woman Held After Speaking About Her Deportation Fears
436.     ,Questions for: 'Trump Blocks Syrian Refugees and Orders Mexican Border Wall to Be Built' Article of the Day
437.     ,"Torture Victim, Expecting a U.S. Handshake, Was Given Handcuffs Instead"
438.     ,Bond Hearings Upheld For Immigrant Minors
439.     ,10-Year-Old Immigrant Who Was Detained After Surgery Is Released
440.     ,Mayor Says Indiana Man's Deportation 'Feels Like a Defeat for Our Community'
441.     ,"Mexican Deportees, Once Ignored Back Home, Now Find ‘Open Arms’"
442.     ,Proposed Budget Takes Broad Aim at Undocumented Immigrants
443.     ,Trump Budget Takes Broad Aim at Undocumented Immigrants
444.     ,Canada Becomes a Magnet for Tech Talent
445.     ,"Criminal Acts Led to Arrests of Immigrants in New York Area, Officials Say"
446.     ,Office to Aid Crime Victims Is Latest Step in Crackdown on Immigrants
447.     ,"U.S. Deported Immigrant in 'Dreamer' Program, Lawsuit Says"
448.     ,Sessions Scolds Chicago for Suing Over 'Sanctuary' Threat
449.     ,"U.S. Arrests 39 Members of MS-13, Gang Blamed for Long Island Killings"
450.     ,"A Defender of the Constitution, With No Legal Right to Live Here"
451.     ,Woman Detained After Speaking About Deportation Fears Is Released
452.     ,White House to Sanctuary Cities: Shield the Undocumented and Lose Police Funding
453.     ,Candidate for Governor Shifts to Right in Waning Days of Campaign
454.     ,Questions for: ‘New Trump Deportation Rules Allow Far More Expulsions’ Article of the Day
455.     ,"In a Shift, Deportees Find 'Open Arms' in Mexico"
456.     ,French Historian Says He Was Threatened With Deportation at Houston Airport
457.     ,White House to States: Shield the Undocumented and Lose Police Funding
458.     ,Texas Lawmaker Threatens to Shoot Colleague After Reporting Protesters to ICE
459.     ,Texas Pulls Up the Welcome Mat Contributing Op-Ed Writer
460.     ,"After Backing Trump, Christians Who Fled Iraq Fall Into His Dragnet"
461.     ,Torture Victim Who Escaped To U.S. Won't Be Deported
462.     ,Immigrant Detentions Letter
463.     ,Trump Administration Moves to Expand Deportation Dragnet to Jails
464.     ,Immigrant Detentions
465.     ,Crackdown Aims at Parents Who Have Children Smuggled
466.     ,Former Aide To Secretary Will Replace Him as Chief
467.     ,‘The Daily’: A Day With I.C.E. The Daily
468.     ,Trump Plan Would Curtail Protections for Detained Immigrants
469.     ,The End of DACA: What We Know and Don’t Know
470.     ,Expanding the Deportation Dragnet
471.     ,"‘Please, God, Don’t Let Me Get Stopped’: Around Atlanta, No Sanctuary for Immigrants"
472.     ,The U.S. Nursed an Undocumented 10-Year-Old. Now It May Deport Her.
473.     ,"Undocumented Lawyer, but No Less Defiant"
474.     ,Justice Dept. Warns Cities To Comply On Migrants
475.     ,ICE Office Aids Victims Of Crimes By Migrants
476.     ,Holding Safety Hostage
477.     ,Tucson’s Police Chief: Sessions’s Anti-Immigrant Policies Will Make Cities More Dangerous Op-Ed Contributor
478.     ,"Jeff Sessions, Unleashed at the Border Editorial"
479.     ,U.S. Ends Program Giving 'Dreamers' Legal Protection
480.     ,"To Detain More Immigrants, Trump Administration to Speed Border Hiring"
481.     ,"Is ICE’s Help-Wanted Sign a Welcome Mat for Rogue Applicants, Too?"
482.     ,San Francisco Sues Trump Over 'Sanctuary Cities' Order
483.     ,"Promising Riches and Canadian Residency, and Now Accused of Fraud"
484.     ,"Facing Deportation, Woman Seeks Refuge In a Manhattan Church"
485.     ,Criticism for Judge Who Spoke of 'Stalking' Agents
486.     ,Former Arizona Sheriff Is Convicted of Criminal Contempt for Targeting Immigrants
487.     ,"In Canada, Justin Trudeau Says Refugees Are Welcome"
488.     ,Confess Your Political Uncertainty Op-Ed Columnist
489.     ,"Told to Go Back to Guatemala , She Sought Sanctuary Instead"
490.     ,Call in Congress To Finish a Job Stalled 16 Years
491.     ,"Into the Void, With Steve King Editorial"
492.     ,A Trump Dividend for Canada? Maybe in Its A.I. Industry
493.     ,Democrats Say Wall Will Cost More Than Estimated
494.     ,Plan Would Limit Protections For Immigrants Held in Jails
495.     ,Woman Jailed After Speaking About Deportation Fears Is Released
496.     ,"Migrants Were Told to Sign Away Right to Enter U.S. , Lawyers Say"
497.     ,"Expecting Handshake, Getting Handcuffs Instead"
498.     ,"Kirstjen Nielsen, White House Aide, Is Confirmed as Homeland Security Secretary"
499.     ,"Backed by Law Enforcement, Undocumented Immigrant Gets Reprieve"
500.     ,‘The Daily’: Carlos’s Secret The Daily
501.     ,"Border Wall Could Cost 3 Times Estimates, Senate Democrats’ Report Says"
502.     ,"U.S. Deported Immigrant in ‘Dreamer’ Program, Lawsuit Says"
503.     ,U.S. to End A Program That Shields Nicaraguans
504.     ,Sanctuary Cities Face Aid Cuts as Justice Dept. Tightens Screws
505.     ,"Pitched as Calming Force, John Kelly Instead Mirrors Boss’s Priorities"
506.     ,"Jeff Sessions, Unleashed at the Border"
507.     ,‘The Daily’: Stephen Miller’s Big Weekend The Daily
508.     ,"'Bad Dude'? No, but Deported Anyway"
509.     ,Wooing China Investors With the Trump Name And Offers of U.S. Visas
510.     ,Hispanic Leaders Plan Fight Against Trump’s Agenda
511.     ,"Protected Under Obama, Immigrant Fights Arrest"
512.     ,Teaching Activities for: ‘White House Makes Hard-Line Demands for Any ‘Dreamers’ Deal’ Article of the Day
513.     ,Brexit Sends Labour Back to Class Op-Ed Contributor
514.     ,Brexit sends Labour back to class
515.     ,"U.S. Nursed an Undocumented Girl, 10. Now It May Deport Her."
516.     ,Memo Tells of U.S. Plan to Speed Up Border Hires
517.     ,Immigrant Shielded From Deportation by Philadelphia Church Walks Free
518.     ,Immigrant Father Shielded From Deportation by a Philadelphia Church Walks Free
519.     ,Former Arizona Sheriff Joe Arpaio Is Convicted of Criminal Contempt
520.     ,The Real Cost of Mr. Trump’s Wall Editorial
521.     ,"Contrary to Trump's Claims, Immigrants Are Less Likely to Commit Crimes"
522.     ,Private Donors to Fund Legal Services for Some Immigrants
523.     ,President Trump Wants a Wall? Mexico Is It Economic Scene
524.     ,Napolitano Sues Trump to Save DACA Program She Helped Create
525.     ,Meatpacking Plant Owner In '08 Iowa Raid Is Freed
526.     ,'Dreamer' Plan Creator Suing Trump to Save It
527.     ,Why Even a Live-Tweeting Senator Couldn’t Stop a Deportation
528.     ,"Many Ask for Asylum, But It's Rarely Granted"
529.     ,"Will ICE's Help-Wanted Sign Be a Welcome Mat for Rogue Applicants, Too?"
530.     ,"On Long Island, Sessions Vows to Eradicate MS-13 Gang"
531.     ,"Once Seen as Calming Force, Kelly Amplifies Boss's Message"
532.     ,"The Road, or Flight, From Detention to Deportation"
533.     ,"The Road, or Flight, From Detention to Deportation"
534.     ,"City Should Help All In Fighting Deportation, Council Members Say"
535.     ,He Promised Riches and Entry to Canada. Now He’s the Subject of a Fraud Case in Vancouver .
536.     ,"After 16 Futile Years, Congress Will Try Again to Legalize ‘Dreamers’"
537.     ,"The Road, or Flight, From Detention to Deportation"
538.     ,Uber C.E.O. to Leave Trump Advisory Council After Criticism
539.     ,"All Immigrants Should Be Given Lawyers, Some City Council Members Say"
540.     ,"Geert Wilders, a Dutch Nationalist Politician, Calls Moroccan Immigrants ‘Scum’"
541.     ,Texas Pulls Up the Welcome Mat
542.     ,"Uber Chief, Facing Worker Ire, Quits Team of Trump Advisers"
543.     ,"In Ban on Migrants, Trump Supporters See a Promise Kept"
544.     ,The 'Deportation Force' Takes Shape
545.     ,What We’re Reading
546.     ,Sanctuary Cities in Name Only Op-Ed Contributors
547.     ,"Immigrant Lacking Papers Is Free, With Help of Many"
548.     ,"Anti-Immigrant Bias, Then and Now"
549.     ,Proposal to Collect Social Media Data From Immigrants Raises Privacy Concerns
550.     ,Mr. Trump’s ‘Deportation Force’ Prepares an Assault on American Values Editorial
551.     ,"‘Bad Dude’? No, but Deported Anyway Editorial"
552.     ,"To Stave Off a Deportation, Cuomo Pardons a 9/11 Volunteer"
553.     ,"To Hold Off the Right, New Dutch Coalition Partly Embraces It"
554.     ,Trump Declares Suspect ‘Should Get Death Penalty’
555.     ,"South of the Border, Migrants Eye a Storm-Torn Texas"
556.     ,U.S. to Collect Social Media Data on All Immigrants Entering Country
557.     ,Killing in Kansas Bar Put Victim's Widow at Risk of Deportation
558.     ,"Stepped-Up Raids, but Gang Violence Persists Big City"
559.     ,How to Woo Chinese Investors: With Visa Offers and the Trump Name
560.     ,"In Little Guyana , Family Visa Cuts Would Be Painful"
561.     ,Latinos Express Outrage After Trump Pardons Arpaio
562.     ,Why It’s Already Difficult to Gain Entry Into the U.S.
563.     ,Killing in Kansas Bar Put Victim’s Widow at Risk of Deportation
564.     ,What Google and Twitter Say About Trump’s First 100 Days
565.     ,"‘Dreamers’ to Stay in U.S. for Now, but Long-Term Fate Is Unclear"
566.     ,"About 2,500 Nicaraguans to Lose Special Permission to Live in U.S."
567.     ,Council Seeks to Counter Trump's Crackdown on Undocumented Immigrants
568.     ,When Can Immigrants Be Deported for Crimes? Justices Hear Sides
569.     ,New York ’s City Council Seeks to Bolster ‘Sanctuary City’ Status
570.     ,Migrants Less Likely to Commit Crimes
571.     ,Homeland Security Goes Abroad. Not Everyone Is Grateful.
572.     ,"Into the Void, With Steve King"
573.     ,"Averting Terror In U.S. , at Posts In 70 Countries"
574.     ,Refugee Doors: O Canada! O America ! Letters
575.     ,Britain is an immigrant nation
576.     ,Anti-Immigrant Bias Against Asians and the Irish Letters
577.     ,Britain Is an Immigrant Nation Op-Ed Contributor
578.     ,Haitian Immigrants in U.S. Await Trump's Next Move
579.     ,Worshiping the Bony Lady
580.     ,Reports of Raids Shake the Undocumented
581.     ,"Worshiping Santa Muerte, ‘Holy Death,’ in Queens Album"
582.     ,"U.S. Quits Migration Pact, Saying It Infringes on Sovereignty"
583.     ,"As Arrests Surge, Immigrants Fear Even Driving"
584.     ,"U.S. Quits Talks on a U.N. Migration Pact, Saying It Infringes on Sovereignty"
585.     ,President Commutes Sentence of Iowa Meatpacking Executive
586.     ,Reports of Raids Have Immigrants Bracing for Enforcement Surge
587.     ,Suspect in Canada Attack Was Ordered Out of U.S.
588.     ,Texas Lawmaker Threatens to Shoot Colleague After Reporting Protesters to ICE
589.     ,Suspect in Canada Terror Attack Had Been Ordered to Leave U.S.
590.     ,Trump Orders Mexican Border Wall to Be Built and Plans to Block Syrian Refugees
591.     ,"At Risk of Deportation, a Mother Takes Refuge"
592.     ,"Even on Their Special Day, Irish Immigrants in America Have Reason to Fear Editorial Observer"
593.     ,Mayor and City Council Make Deal on Lawyers for Immigrants
594.     ,"Even on Their Special Day, Irish Immigrants in America Have Reason to Fear"
595.     ,Hong Kong Rail Plan Raises Fears of Mainland China's Influence
596.     ,Visiting French Historian Threatened With Deportation
597.     ,A Game of Cat and Mouse With High Stakes: Deportation
598.     ,"Trump, in Optimistic Address, Asks Congress to End ‘Trivial Fights’"
599.     ,Marine Le Pen and Emmanuel Macron : Where France 's Candidates Stand
600.     ,Campuses Wary of Offering ‘Sanctuary’ to Undocumented Students
601.     ,The Supreme Court Ruling on the Trump Travel Ban Letters
602.     ,Justices' Ruling on the Travel Ban
603.     ,"Before Congress , Trump Urges End to 'Trivial Fights'"
604.     ,"Surprising His Allies, Trump Swerves Left"
605.     ,Justices Hear a Case on the Federal Government's Power to Deport Criminals
606.     ,Sanctuary Cities in Name Only
607.     ,California Today: Taking On Trump Over Sanctuary Cities California Today
608.     ,Trump Pardons Ex-Sheriff Seen As Migrant Foe
609.     ,The Cost of Mr. Trump's Wall
610.     ,"Geert Wilders, a Dutch Nationalist Politician, Calls Moroccan Immigrants 'Scum'"
611.     ,Policy Under Trump Bars Obama-Era Path to U.S. for Central American Youths
612.     ,Fake ICE Notices Urge Washington Residents to Report ‘Illegal Aliens’
613.     ,Mexican Consulates Become Welcome Ally for Anxious Immigrants
614.     ,Mexican Consulates Flooded With Fearful Immigrants
615.     ,Marine Le Pen and Emmanuel Macron: Where France ’s Candidates Stand
616.     ,"Harsh Memories of Raids, Grim Fears for the Future"
617.     ,"At Statue of Liberty, Words That Resonate Even if They’re Unfamiliar"
618.     ,"Facing Wave of Refugees, Montreal Opens Up Stadium for Housing"
619.     ,Hong Kong Rail Plan Raises Fears of Mainland China’s Influence
620.     ,The Costs of Mr. Trump's Dragnet
621.     ,"Facing Wave of Refugees, Montreal Opens Its Olympic Stadium to House Them"
622.     ,"Raids of Illegal Immigrants Bring Harsh Memories, and Strong Fears"
623.     ,Haitian Immigrants With Temporary Status Await Trump’s Next Move
624.     ,"Immigrants Hide, Fearing Capture on ‘Any Corner’"
625.     ,Rape Charges to Be Dropped Against Students in Case Cited by White House
626.     ,Interrupting Gang Killings
627.     ,Immigrant Mother in Denver Takes Refuge as Risk of Deportation Looms
628.     ,"From Deep Grief, a Solid Bond With Trump on Border Policy"
629.     ,"In the Heart of ‘The Resistance,’ California Conservatives Are Invigorated"
630.     ,What Do Dreamers Do Now?
631.     ,Why Texans Are Fighting Anti-Immigrant Legislation Op-Ed Contributor
632.     ,A Variant 'Resistance' Inspires Conservatives Throughout California
633.     ,President Assails 'Joke' Justice And Seeks Visa Program's End
634.     ,Officials Say Criminal Acts Led to Arrests of Immigrants
635.     ,What Do Dreamers Do Now? Op-Ed Contributor
636.     ,"As Texans Battened Hatches, Migrants Saw Their Shot to Cross Border"
637.     ,"Migrants Hide, Fearing Capture on 'Any Corner'"
638.     ,Are 'Dreamers' Next? G.O.P. Fears Backlash
639.     ,"As DACA Negotiations Drag On, a Judge in Brooklyn Could Intervene"
640.     ,Fact-Checking Claims About Trump’s Travel Ban
641.     ,"In Trump’s Early Days, News Media Finds Competing Narratives"
642.     ,"In Trump's Early Days, News Media Finds Competing Narratives"
643.     ,President Wants a Buffer for Migrants? Mexico Is It
644.     ,Senate Democrats Aim Their Limited Firepower at Trump’s Nominees
645.     ,"Sanctuary: Campuses Prepare to Protect Their Own, or Not"
646.     ,"'Dreamers' to Stay in U.S. for Now, but Their Long-Term Fate Is Unclear"
647.     ,Trump and the Battle Over Sanctuary in America Retro Report
648.     ,Right and Left React to Leaks and Presidential Communications
649.     ,Right and Left React to Leaks and Presidential Communications
650.     ,"For the Undocumented, a Broken Headlight Can Lead to Deportation"
651.     ,Building Walls and Barring Refugees
652.     ,"On DACA, President Trump Has No Easy Path"
653.     ,"On 'Dreamers,' No Easy Path For President"
654.     ,Protected Status for Haitians Letter
655.     ,Immigrant Women and Children
656.     ,Police Fear Trump's Orders May Handcuff Their Effort to Fight Gangs
657.     ,Dutch Coalition Moves to the Right to Thwart a More Drastic Shift
658.     ,Review: ‘ American Jihad’ and the Problem With the Internet
659.     ,No Crackdown on Illegal Employers
660.     ,Governor Pardons Prisoner in ICE Custody as Lengthy Battle Continues
661.     ,‘I Am an American Because of Him’: The Journey of Pence’s Grandfather From Ireland
662.     ,America 's Farms and Immigrant Labor
663.     ,‘The Daily’: North Korea ’s Deliberately Crazy Scheme The Daily
664.     ,America ’s Farms and Immigrant Labor Letters
665.     ,No Crackdown on Illegal Employers Editorial
666.     ,"If Trump Goes After ‘Dreamers,’ Republican Loyalty May Be Tested On Washington"
667.     ,White House Pushed for End to Deportation Shield
668.     ,California Today: What It Means to Be a ‘Sanctuary State’ California Today
669.     ,Sanctuary Movement Parallels One That Defied Reagan
670.     ,"Syrian Denied Asylum, Upended by Broad Law"
671.     ,Are Immigrants Causing a Swedish Crime Wave? Taking Note
672.     ,Trump’s Argument Against Immigrants: We’ve Heard It Before Retro Report
673.     ,Trump’s Move to Deport More Immigrants Letters
674.     ,"In Courthouse Cat-and-Mouse, Stakes Are High: Deportation"
675.     ,"A ‘Sanctuary City’ Seizes the Moment, and the Name Editorial Observer"
676.     ,"Finding Common Ground, Despite Ideological Divides Contributing Op-Ed Writer"
677.     ,Wealthy Chinese Scramble for Imperiled Commodity: U.S. ‘Golden Visa’
678.     ,Tech Titans Make Pilgrimage to White House to Discuss Government Systems
679.     ,"A 'Sanctuary City' Seizes the Moment, and the Name"
680.     ,"Five Faces, All Immigrants, Are Added to the 9/11 Memorial"
681.     ,America ’s Competitors Angle for Silicon Valley’s Business
682.     ,Silicon Valley Chiefs Attend White House Forum on Government Tech
683.     ,'I Am an American Because of Him'
684.     ,Low-Skilled Immigrants? Letter
685.     ,Marine Le Pen Leads Far-Right Fight to Make France ‘More French ’
686.     ,"As U.S. Tightens Visas for Tech, Canada Opens for Business"
687.     ,White House Weighs Separating Families to Deter Migrants
688.     ,Second Federal Judge Blocks the Third Revision of the Travel Ban
689.     ,The Promised Crackdown: Building Walls and Barring Refugees Letters
690.     ,"Sessions Can’t Deny Money for Sanctuary Cities, Judge Rules"
691.     ,Flip Side of Outrage: Some See a Promise Kept
692.     ,Hawaii Sues to Block Trump Travel Ban; First Challenge to Order
693.     ,"Corrections: May 19, 2017"
694.     ,Fear That Gang Data Could Be Used for Deportations
695.     ,"Border Patrol Chief, an Agency Outsider, Is Stepping Down"
696.     ,"Ever a Showman, Donald Trump Keeps Washington Guessing"
697.     ,The Political Payoff of Depicting White Identity as Under Siege
698.     ,Behind More Success for the Far Right
699.     ,Paul Ryan Tours Texas Border Area Where Trump Wants a Wall
700.     ,Localities Bristle at Report on Cooperation With ICE
701.     ,Gang Database Criticized for Denying Due Process May Be Used for Deportations
702.     ,Changes to Tech Worker Visas Are Cosmetic. For Now.
703.     ,Senate Democrats Aim Their Limited Firepower at Trump's Nominees
704.     ,"For Human Cargo, Truck Door Closed Out the Light, and Life"
705.     ,"Sheriff No More, Arpaio Is Still a Polarizing Figure"
706.     ,‘The Daily’: Mike Pence’s Immigrant Roots The Daily
707.     ,"Driving While Undocumented, and Facing the Risks"
708.     ,Democrats Begin Legal Assault on Trump’s Move to End ‘Dreamer’ Program
709.     ,"Offering a Path to Citizenship, Canada Beckons Foreign Students"
710.     ,"States Sue to Save 'Dreamers,' Claiming Bias Drove Decision"
711.     ,Conservatives Recoil at Trump's Accommodation With Democrats Over DACA
712.     ,Canada Beckons International Students With a Path to Citizenship
713.     ,Can't Get Visa for Silicon Valley? Mexico Awaits
714.     ,Disney Chief: My Role on a Trump Panel Is ‘Not an Endorsement’
715.     ,The Travel Ban: An Assault on Islam?
716.     ,Fake ICE Notices Urge Washington Residents to Report 'Illegal Aliens'
717.     ,Conservative Judges Fuel a Legal Losing Streak
718.     ,‘The Daily’: A Dinner Party at the ‘Breitbart Embassy’ The Daily
719.     ,A Surge of Migrants Crossing Into Quebec Tests Canada’s Welcome
720.     ,Trump’s Losing Streak in Courts Is Traceable to Conservative Judges News Analysis
721.     ,Fact-Checking Assertions About the President's Travel Ban
722.     ,Hispanic Political Fund Sets Meeting on Strategy
723.     ,The Fate of the Illegal Immigrants
724.     ,Listen to ‘The Daily’: The Sheriff Bind The Daily
725.     ,"Ban Prompts Deep Anger, Muted Praise"
726.     ,"Corrections: October 4, 2017"
727.     ,Trump Administration Punishes Countries That Refuse to Take Back Deported Citizens
728.     ,"Avoiding Trump, but Adopting His Divisive Playbook: Will It Work in Virginia ?"
729.     ,Brexit Isn't Good for Britain
730.     ,2nd Federal Judge Strikes Down Trump’s New Travel Ban
731.     ,Loose Definition of Terrorism Upends a Syrian Asylum Seeker’s Life
732.     ,"Deported Repeatedly, Man Is Sentenced to 35 Years for Attacks on 2 Oregon Women"
733.     ,Tactics in Tight Virginia Race May Become a Guide Elsewhere
734.     ,"To Be Great Again, America Needs Immigrants"
735.     ,Should the Government Allow ‘Dreamers’ to Stay in the U.S. Without Fear of Being Deported? Student Opinion
736.     ,Legal Setback for Trump's Travel Ban
737.     ,A Legal Setback for Trump’s Travel Ban Letters
738.     ,Lawmakers Push to Give Terminally Ill British Baby U.S. Residency
739.     ,Refugee Doors: O Canada! O America !
740.     ,Fearmongering at Homeland Security
741.     ,Sessions Vows to Enforce an Anti-Bribery Law Trump Ridiculed
742.     ,Lawmakers Push to Give Ill Baby U.S. Residency
743.     ,Anti-Immigrant Fringe Stirs as Canada Transforms
744.     ,"Deported Repeatedly, Man Is Sentenced to 35 Years for Attacks on 2 Oregon Women"
745.     ,"Travelers Were Coerced by Agents, Lawyers Say"
746.     ,Bill Would Give Green Cards to Undocumented 9/11 Volunteers
747.     ,Fearmongering at Homeland Security Editorial
748.     ,How People Entering the Country Are Monitored and Checked
749.     ,"In Canada, Justin Trudeau Says Refugees Are Welcome"
750.     ,"As Canada Transforms, an Anti-Immigrant Fringe Stirs"
751.     ,"To Be Great Again, America Needs Immigrants Contributing Op-Ed Writer"
752.     ,"Iraqi Immigrant, Caught in a Trump Policy Tangle, Is Allowed to Stay"
753.     ,The Travel Ban: An Assault on Islam? Letters
754.     ,"Stay, Hide or Leave? Hard Choices for Immigrants in the Heartland"
755.     ,Loving And Leaving America
756.     ,Governor Pardons Prisoner in ICE Custody as Lengthy Battle Continues
757.     ,Art Installation Shares Sights and Sounds of the Border
758.     ,Conservatives Recoil at Trump’s Accommodation With Democrats Over DACA
759.     ,New Gender Category on Canadian Documents Like Passports: 'X'
760.     ,What the Far Right’s Rise May Mean for Germany ’s Future The Interpreter
761.     ,He’s a Local Pillar in a Trump Town. Now He Could Be Deported.
762.     ,"Peter Kwong, Authority on Chinatowns, Dies at 75"
763.     ,"To Stave Off a Deportation, Cuomo Pardons a 9/11 Volunteer"
764.     ,Bannon's Vision for a 'Deconstruction of the Administrative State'
765.     ,China Wants to Attract More Foreigners (of a Certain Kind) Sinosphere
766.     ,Breaking the Anti-Immigrant Fever
767.     ,"Losing Hope in U.S. , Migrants Make Icy Crossing to Canada"
768.     ,Ruling Conservative-Led Bloc Wins Norway ’s National Elections
769.     ,Trump Weighs Ending Shield For 'Dreamers'
770.     ,China Wants to Attract More Foreigners (at Least of a Certain Kind)
771.     ,The Country I Love Op-Ed Contributor
772.     ,"Stephen K. Bannon’s CPAC Comments, Annotated and Explained The Interpreter"
773.     ,The Enemy of My Dreams
774.     ,"Losing Hope in U.S. , Refugees Make Icy Trek to Canada"
775.     ,"In San Antonio Smuggling Case, a Fatal Journey in a Packed and Sweltering Truck"
776.     ,Stephen Miller Is the Enemy of My Dreams Contributing Op-Ed Writer
777.     ,Trump Policy Blocks Obama-Era Path to U.S. for Central Americans
778.     ,The National Death Wish Op-Ed Columnist
779.     ,George Soros: When Hate Surges Op-Ed Contributor
780.     ,Activism Hits Even the Less Flashy Tech Companies
781.     ,Origin Stories
782.     ,The National Death Wish
783.     ,Breaking the Anti-Immigrant Fever Editorial
784.     ,The Fate of the Illegal Immigrants Letters
785.     ,Campus Politics in the Age of Trump Contributing Op-Ed Writer
786.     ,Brexit Isn’t Good for Britain Letter
787.     ,Refugees Already Face Strict Vetting
788.     ,Donations to A.C.L.U. and Other Organizations Surge After Trump’s Order
789.     ,Trump's Signing of Immigrant Ban Puts Pentagon in Uncomfortable Light
790.     ,"At Statue of Liberty, Words That Resonate Even if They Are Unfamiliar"
791.     ,The Political Payoff of Making Whites Feel Like a Minority Base Instinct
792.     ,"Paid Notice: Deaths COVEN, JULES ELLIOT"
793.     ,Survivors of Fatal Trip Could Gain Entry to U.S.
794.     ,"Visa Shortage Spurs Vacancies, for Jobs, at a Tourist Getaway"
795.     ,"Trump Weighs Cuts to Coast Guard, T.S.A. and FEMA to Bolster Border Plan"
796.     ,"Though No Longer Sheriff, Joe Arpaio Is Still a Polarizing Figure"
797.     ,Is Anyone Good Enough for an H1-B Visa?
798.     ,"President Rips Up the Script, Then Sticks to the Teleprompter"
799.     ,"Trump, Jim Justice, N.F.L.: Your Thursday Evening Briefing"
800.     ,"John Kelly, New Chief of Staff, Is Seen as Beacon of Discipline"
801.     ,Square-Jawed General Has New Mission: Restore Order to West Wing
802.     ,Wealthy Chinese Scramble for Imperiled Commodity: American 'Golden Visa'
803.     ,We Need the Diversity Visa Lottery Op-Ed Contributor
804.     ,Is Anyone Good Enough for an H-1B Visa? Op-Ed Contributor
805.     ,Yemenis Close Bodegas and Rally to Protest Trump’s Ban
806.     ,A 'Passionate' Seeker of Voter Fraud in Kansas Gets a National Soapbox
807.     ,"A Flawed Asylum System in Mexico , Strained Further by U.S. Changes"
808.     ,Listen to ‘The Daily’: Dick Durbin Discusses the Dream Act The Daily
809.     ,"Border Patrol Chief Said to Be Pushed Out, Ending Brief Tenure"
810.     ,"California Today: They’re Lawyers, and at Risk of Deportation California Today"
811.     ,Her Daughter Was Killed by a Gang. She Has a Message for Trump.
812.     ,Flaws Seen As Asylum In Mexico Is Strained
813.     ,Australian Leader Proposes to Raise More Barriers to Citizenship
814.     ,Australia Plans to Raise More Barriers to Citizenship
815.     ,"These Are Children, Not Bad Hombres"
816.     ,"At Dinner Honoring Mike Pence, Donald Trump Touches Many Bases"
817.     ,Trump Can’t Withhold Funds From Sanctuary Cities Op-Ed Contributor
818.     ,"Five Faces, All Immigrants, Are Added to the 9/11 Memorial"
819.     ,"If You Want to MAGA, Save DACA Op-Ed Columnist"
820.     ,"If You Want To MAGA, Save DACA"
821.     ,"These Are Children, Not Bad Hombres Contributing Op-Ed Writer"
822.     ,Who's on (and Off) Trump's Advisory Councils
823.     ,Canada Introduces ‘X’ as a Third Sex Category for Passport Holders
824.     ,The Man Behind Trump’s Voter-Fraud Obsession Feature
825.     ,Foreigners Trapped in the United States by New Policy
826.     ,Failed Referendum That Propelled Policy on Migrants
827.     ,Changes to Tech Visas Are Cosmetic for Now
828.     ,A Life in 40 Questions: Harrowing Stories of Child Migration Nonfiction
829.     ,"Vancouver Man Who Promised Riches to Investors Committed Fraud, Panel Says"
830.     ,The Exclusionist
831.     ,Travel Order's Policies Create Visa Confusion for Immigrants in U.S.
832.     ,What Google and Twitter Say About Trump's First 100 Days
833.     ,Ending a Misguided Cuba Policy
834.     ,"135 Years Ago, Another Travel Ban Was In the News"
835.     ,Executive Power Run Amok
836.     ,Suit Challenges Denial of Education Loans to Unauthorized Immigrants
837.     ,U.S. and Indian Officials Condemn Shooting of Sikh
838.     ,Court Considers Rights Of Detained Immigrants
839.     ,Trump Backs Plan to Stop Deportation of 'Dreamers'
840.     ,Executive Power Run Amok Op-Ed Contributor
841.     ,"Fearful of a Shutdown, Congress Inches Toward Stopgap Spending Bill"
842.     ,A Move to Deport More Immigrants
843.     ,"Democrats Reach Out, And President Answers"
844.     ,Survivors of Smuggling Trip Could Gain Entry to U.S. by Becoming Witnesses
845.     ,Speaker Tours Texas Area Where Trump Wants Wall
846.     ,A Summer Project to Nourish Your Political Soul Op-Ed Columnist
847.     ,"In Line for Paperwork, Immigrants Are 'Scared They'll Take Away Our Children'"
848.     ,Avoid the Deal Maker To Make a Deal
849.     ,Daily Report: Intel Looks For a Middle Path to the White House
850.     ,"In Line for Paperwork, Immigrants Are ‘Scared They’ll Take Away Our Children’"
851.     ,A Project To Nourish Your Soul
852.     ,Daily Report: Dizzying Regulatory Changes for Tech Industry
853.     ,Trump’s Border Wall Gets Billions in Budget Proposal
854.     ,"After Court Victory, Detained Teenage Immigrants Are Allowed to Obtain Abortions"
855.     ,"In Times Square, an Immigrant Is Calling You"
856.     ,"He's Not the 'First,' And It's Not a 'Record'"
857.     ,"Review: ‘Harbored’ Spins Immigrants’ Tales, With Liberty in View"
858.     ,A Travel Ban We've Seen Before
859.     ,"The Trump Administration, Love It or Leave It Op-Ed Columnist"
860.     ,A Trump Travel Ban We’ve Seen Before Editorial
861.     ,Advocate for Tough Voting Rules to Steer Trump’s Elections Commission
862.     ,A Bond Over Bucking the Establishment
863.     ,When's the Wedding?
864.     ,When’s the Wedding? It Already Happened (Shh). Social Q’s
865.     ,"Jeff Sessions, a Lifelong Outsider, Finds the Inside Track"
866.     ,Trump Administration Ends Temporary Protection for Haitians
867.     ,"59,000 Haitians Must Leave U.S. As White House Ends Protections"
868.     ,Surge of Migrants Into Quebec Tests Canada's Welcome
869.     ,Case Study in Chaos: Management Experts Grade a Trump White House
870.     ,U.S. Drops Order Demanding Twitter Unmask an Anti-Trump Account
871.     ,"In Leadership Vote, the Democrats Have Something Else on Their Minds"
872.     ,Officials in U.S. and India Condemn Shooting of Sikh Man in Washington State
873.     ,Trump Policy Impact on Real Estate Still Unclear
874.     ,Case Study in Chaos: How Management Experts Grade a Trump White House Common Sense
875.     ,"A Daughter's Death, a Mission to Protect the Vulnerable"
876.     ,"On Long Island, Officials Plead for Help in Stopping MS-13"
877.     ,California Today: Defying Trump With Sanctuary Bill California Today
878.     ,Twitter Sues U.S. to Shield Account Critical of Trump
879.     ,Canada: Leader of the Free World Op-Ed Columnist
880.     ,California Today: Measuring the Snowpack From the Sky California Today
881.     ,Legal Challenges Mount Against Trump’s Travel Ban
882.     ,"Teenagers, Anxiously Living Under the Radar"
883.     ,Legal Challenges Mount Against Travel Ban Ordered by Trump
884.     ,"In Germany , the Center Holds Op-Ed Contributor"
885.     ,Trump's Signing of Immigrant Ban Puts Pentagon in Uncomfortable Light
886.     ,"Review: Immigrants ‘From Nowhere,’ Anxiously Living Under the Radar"
887.     ,The Tax Overhaul; Microsoft 's C.E.O. on Equality: DealBook Briefing
888.     ,Friend of San Bernardino Attacker to Plead Guilty
889.     ,Friend of San Bernardino Attacker Will Plead Guilty to Supplying Guns
890.     ,Homeland Security Nominee Addresses Borders and Experience in Senate Hearings
891.     ,Supreme Court Weighs Immigrants’ Rights to Have Detention Reviewed
892.     ,"More Tourists, a Few Tears and Plenty of Soul-Searching"
893.     ,California Today: A Journalism Scandal Roils the Central Coast California Today
894.     ,Far-Right German Party Poised to Break a Taboo
895.     ,Austria ’s Rightward Lurch Is Europe’s New Normal
896.     ,Ending a Misguided Cuban Migration Policy Editorial
897.     ,"1917, Still Reverberating Today"
898.     ,"While New York Mourns, the President Postures Editorial"
899.     ,Far-Right German Party Is Poised to Break Postwar Taboo
900.     ,Trump Falsely Denounces Jeff Flake by Calling Him a ... Democrat? Fact Check
901.     ,"Rebuke Is a Stretch, Even for the President"
902.     ,Daily Report: Intel Looks For a Middle Path to the White House Bits
903.     ,Trump’s Support for Law to Protect ‘Dreamers’ Lifts Its Chances
904.     ,"MS-13 Gang Members Arrested in Girls’ Killings on Long Island, Police Say"
905.     ,"State Police Will Help Battle MS-13, Cuomo Says"
906.     ,Norway Premier Declares Victory as Center-Right Coalition Secures Majority
907.     ,Donald Trump's Australia
908.     ,Preparing for a Summer Of Help-Wanted Signs
909.     ,Arkansas Senator Supplies Trump With Policy to Match Rhetoric
910.     ,"After Court Victory, Detained Teenage Immigrants Are Allowed to Obtain Abortions"
911.     ,Justice Dept. May Back Off Police Audits
912.     ,"Angling for a Comeback, Democratic Governors Sharpen Focus on Jobs"
913.     ,Donald Trump’s Australia Contributing Op-Ed Writer
914.     ,Sessions Indicates Justice Department Will Stop Monitoring Troubled Police Agencies
915.     ,"In Blow to Tech Industry, Trump Shelves Start-Up Immigrant Rule"
916.     ,"Heroin in Wafers, Soups and Lollipops: How Drug Cartels Evade Border Security"
917.     ,"As Trump’s Coach, Senator Cotton Provides Policy to Match Rhetoric Political memo"
918.     ,Daily Report: Dizzying Regulatory Changes for Tech Industry Bits
919.     ,"Why Did Trump Work Again With Democrats? ‘He Likes Us,’ Schumer Says"
920.     ,White Nationalism Is the Real Existential Threat to the West. Not Jihad.
921.     ,Trump Inaccurately Claims ‘Firsts’ in Defense Speech Fact Check
922.     ,U.S. Blinks in Clash With Twitter ; Drops Order to Unmask Anti-Trump Account
923.     ,White Nationalism Is Destroying the West Opinion
924.     ,Judge Who Blocked Trump's Refugee Order Praised for 'Firm Moral Compass'
925.     ,Activism Hits the Older Tech Companies
926.     ,"Silicon Valley Still Has Far to Go on Gender Equality, Microsoft C.E.O. Says"
927.     ,Austria Shifts Right as the Refashioned Conservatives Win in an Election Upset
928.     ,Dutch Leader Takes Trump-Like Turn in Face of Hard-Right Challenge
929.     ,Phone Booths Are Back in Times Square. No Quarters Required.
930.     ,Enemy Within
931.     ,Farhad’s and Mike’s Week in Tech: An Upwelling of Outrage Against a Presidential Action Bits
932.     ,"Tech Opposition to Trump Propelled by Employees, Not Executives"
933.     ,"In a Week, Trump Reshapes Decades of Perceptions About America"
934.     ,Quebec Mosque Attack Forces Canadians to Confront a Strain of Intolerance
935.     ,British Labour Leader Tries to Recast Image and Views on Migrants
936.     ,Business Leaders Urge Trump to Keep Shield in Place
937.     ,Trump Will Take an Improvised Approach With a Wave of Executive Actions
938.     ,The Strangers in Their Midst
939.     ,‘Dreamers’ Find Allies in Trump’s Business World
940.     ,Trump Policy Impact on Real Estate Still Unclear
941.     ,The Tax Overhaul; Microsoft ’s C.E.O. on Equality: DealBook Briefing
942.     ,"Law-Abiding but Illegal, and Fearing the New Trump Rules"
943.     ,Department of Justification Feature
944.     ,The Minuscule Importance of Manufacturing in Far-Right Politics Trade Imbalance
945.     ,Yemenis Shut Stores and Hold Rally to Protest Trump Ban
946.     ,"Wall Street Reassures Employees, Without Wholly Rejecting Travel Ban"
947.     ,"On Social Media, a Game Awash in Politics"
948.     ,"After a Nominator Is Denied Access, ‘1984’ Is Ineligible for Tonys"
949.     ,"Fleeing U.S. for Asylum, and Handcuffed in Canada"
950.     ,"Law-Abiding but Illegal, and Fearing the New Trump Rules About New York"
951.     ,"Canada, Leading the Free World Op-Ed Columnist"
952.     ,Homeland Security Pick Defends Her Experience Amid Democrats’ Questions
953.     ,Border Advice for Muslims Alarms Australian Official — but It Came From His Department
954.     ,"Wall Street Reassures Employees, Without Wholly Rejecting Travel Ban"
955.     ,"629,000 Overstayed U.S. Visas Last Year, Report Says"
956.     ,"Canada, Leading the Free World"
957.     ,Homeland Security Prepares to Issue Travel Restrictions
958.     ,Campus Politics in the Age of Trump
959.     ,‘The Siren Calls of the Left’ Op-Ed Columnist
960.     ,Mar-a- Lago and the Charity Circuit
961.     ,Mar-a- Lago and the Charity Circuit Letters
962.     ,The Kushners and Their Golden Visas Editorial
963.     ,"Australian Refugee Camp on Manus Island Is Closing, Detainees Say"
964.     ,Australia Says Trump Will Honor One-Time Deal to Accept Refugees
965.     ,"In Fight for Judiciary Slot, Democrats Broach the ‘I’ Word: Impeachment"
966.     ,How the California Wildfire Was Falsely Pinned on an Immigrant
967.     ,Twitter Sues the Government to Block the Unmasking of an Account Critical of Trump
968.     ,Austria Is Poised to Shift Sharply Right in Election
969.     ,"Imam in Switzerland Urged Burning of Muslims Who Don't Pray, Prosecutors Say"
970.     ,Echoes of the War in Algeria Reverberate in French Politics
971.     ,Department of Justification
972.     ,California Today: Renewed Scrutiny of Sanctuary Bill California Today
973.     ,"A Full Border Wall With Mexico ? ‘Unlikely,’ Homeland Security Chief Says"
974.     ,The Kushners and Their Golden Visas
975.     ,Sessions Vows To Enforce Bribery Law Trump Jeered
976.     ,"Revisiting 1917, a Year That Reverberates for Jews Around the World"
977.     ,"Steve King, Hurling Insults at Immigrants, Is Rebuked by His Own Party"
978.     ,"‘Dreamer’ Plan That Aided 800,000 Immigrants Is Threatened"
979.     ,Dutch Vote Watched Across Europe With a Finger in the Wind
980.     ,Tech Also Did Some Good Things in 2017. No Joke.
981.     ,Bill Would Give Green Cards to Sept. 11 Volunteers
982.     ,"Some Things About Tech Were Good in 2017. No, Really. The Shift"
983.     ,"Hurling Insults, Then Rebuked by Own Party"
984.     ,Microsoft C.E.O. Says Tech’s Progress on Gender Equality Is ‘Not Sufficient’
985.     ,U.N. Says Australia Has Broken a Pledge to Admit Some Offshore Refugees
986.     ,St. Patrick’s Day Events Highlight an Irish Divide Over Trump
987.     ,Border Agent’s Death Highlights Growing Risk of Remote Patrols
988.     ,He's a Local Pillar. Now He Could Be Deported.
989.     ,Border Agent's Death Highlights Growing Risk to Patrols in Remote Areas
990.     ,"Hungary to Detain Asylum Seekers, Angering Rights Advocates"
991.     ,Papua New Guinea 's Police Storm Manus Island Refugee Camp
992.     ,"Summer Reading Contest Winner, Week 3 | On ‘The Muggle Problem’ Contests"
993.     ,"Shore Leave, Sort Of Op-Docs"
994.     ,A Nightmare for Immigrants Is Great for Stocks
995.     ,President Trump’s Reckless Shame Game Editorial
996.     ,Mr. Trump's Reckless Shame Game
997.     ,Donald Trump’s Cowardice on ‘Dreamers’ Editorial
998.     ,Ninth Circuit Judges Rule Against Latest Travel Ban
999.     ,Mr. Trump's Cowardice on 'Dreamers'
1000,"  Too Scared to Report Abuse , For Fear of Being Deported"
